id,job_id,event_type,from_state,to_state,message,technical_detail,occurred_at,actor_uid
135,73,attempt,queued,running,Dispatch attempt started.,,2026-07-11 22:45:42,2
136,73,attempt,running,succeeded,Dispatch succeeded.,,2026-07-11 22:45:42,2
137,74,attempt,queued,running,Dispatch attempt started.,,2026-07-11 22:45:42,2
138,74,attempt,running,succeeded,Dispatch succeeded.,,2026-07-11 22:45:42,2
139,75,attempt,queued,running,Dispatch attempt started.,,2026-07-11 22:45:42,2
140,75,attempt,running,succeeded,Dispatch succeeded.,,2026-07-11 22:45:42,2
141,76,attempt,queued,running,Dispatch attempt started.,,2026-07-11 22:45:42,2
142,76,attempt,running,succeeded,Dispatch succeeded.,,2026-07-11 22:45:42,2
143,77,attempt,queued,running,Dispatch attempt started.,,2026-07-11 22:45:42,2
144,77,attempt,running,succeeded,Dispatch succeeded.,,2026-07-11 22:45:42,2
145,78,attempt,queued,running,Dispatch attempt started.,,2026-07-11 22:46:27,2
146,78,attempt,running,succeeded,Dispatch succeeded.,,2026-07-11 22:46:27,2
147,79,attempt,queued,running,Dispatch attempt started.,,2026-07-11 22:46:27,2
148,79,attempt,running,succeeded,Dispatch succeeded.,,2026-07-11 22:46:27,2
149,80,attempt,queued,running,Dispatch attempt started.,,2026-07-11 22:46:27,2
150,80,attempt,running,succeeded,Dispatch succeeded.,,2026-07-11 22:46:27,2
151,81,attempt,queued,running,Dispatch attempt started.,,2026-07-11 22:46:27,2
152,81,attempt,running,succeeded,Dispatch succeeded.,,2026-07-11 22:46:27,2
153,82,attempt,queued,running,Dispatch attempt started.,,2026-07-11 22:46:27,2
154,82,attempt,running,succeeded,Dispatch succeeded.,,2026-07-11 22:46:27,2
155,83,attempt,queued,running,Dispatch attempt started.,,2026-07-11 22:46:27,2
156,83,attempt,running,succeeded,Dispatch succeeded.,,2026-07-11 22:46:27,2
157,84,attempt,queued,running,Dispatch attempt started.,,2026-07-11 22:46:27,2
158,84,attempt,running,succeeded,Dispatch succeeded.,,2026-07-11 22:46:27,2
159,85,attempt,queued,running,Dispatch attempt started.,,2026-07-11 22:46:27,2
160,85,attempt,running,succeeded,Dispatch succeeded.,,2026-07-11 22:46:27,2
161,86,attempt,queued,running,Dispatch attempt started.,,2026-07-11 22:46:27,2
162,86,attempt,running,succeeded,Dispatch succeeded.,,2026-07-11 22:46:27,2
163,87,attempt,queued,running,Dispatch attempt started.,,2026-07-11 22:46:27,2
164,87,attempt,running,succeeded,Dispatch succeeded.,,2026-07-11 22:46:27,2
165,88,attempt,queued,running,Dispatch attempt started.,,2026-07-11 22:46:27,2
166,88,attempt,running,succeeded,Dispatch succeeded.,,2026-07-11 22:46:27,2
167,89,attempt,queued,running,Dispatch attempt started.,,2026-07-11 22:46:27,2
168,89,attempt,running,succeeded,Dispatch succeeded.,,2026-07-11 22:46:27,2
169,90,attempt,queued,running,Dispatch attempt started.,,2026-07-11 22:46:27,2
170,90,attempt,running,succeeded,Dispatch succeeded.,,2026-07-11 22:46:27,2
171,91,attempt,queued,running,Dispatch attempt started.,,2026-07-11 22:46:27,2
172,91,attempt,running,succeeded,Dispatch succeeded.,,2026-07-11 22:46:27,2
173,92,attempt,queued,running,Dispatch attempt started.,,2026-07-11 22:46:27,2
174,92,attempt,running,succeeded,Dispatch succeeded.,,2026-07-11 22:46:27,2
175,93,attempt,queued,running,Dispatch attempt started.,,2026-07-11 22:46:27,2
176,93,attempt,running,succeeded,Dispatch succeeded.,,2026-07-11 22:46:27,2
177,94,attempt,queued,running,Dispatch attempt started.,,2026-07-11 22:46:27,2
178,94,attempt,running,succeeded,Dispatch succeeded.,,2026-07-11 22:46:27,2
179,95,attempt,queued,running,Dispatch attempt started.,,2026-07-11 22:46:27,2
180,95,attempt,running,succeeded,Dispatch succeeded.,,2026-07-11 22:46:27,2
181,96,attempt,queued,running,Dispatch attempt started.,,2026-07-11 22:46:27,2
182,96,attempt,running,succeeded,Dispatch succeeded.,,2026-07-11 22:46:27,2
183,97,attempt,queued,running,Dispatch attempt started.,,2026-07-11 22:46:27,2
184,97,attempt,running,succeeded,Dispatch succeeded.,,2026-07-11 22:46:27,2
185,98,attempt,queued,running,Dispatch attempt started.,,2026-07-11 22:46:27,2
186,98,attempt,running,succeeded,Dispatch succeeded.,,2026-07-11 22:46:27,2
187,99,attempt,queued,running,Dispatch attempt started.,,2026-07-11 22:46:27,2
188,99,attempt,running,succeeded,Dispatch succeeded.,,2026-07-11 22:46:27,2
189,100,attempt,queued,running,Dispatch attempt started.,,2026-07-11 22:46:27,2
190,100,attempt,running,succeeded,Dispatch succeeded.,,2026-07-11 22:46:27,2
191,101,attempt,queued,running,Dispatch attempt started.,,2026-07-11 22:46:27,2
192,101,attempt,running,succeeded,Dispatch succeeded.,,2026-07-11 22:46:27,2
193,102,attempt,queued,running,Dispatch attempt started.,,2026-07-11 22:46:27,2
194,102,attempt,running,succeeded,Dispatch succeeded.,,2026-07-11 22:46:27,2
195,103,attempt,queued,running,Dispatch attempt started.,,2026-07-11 22:46:27,2
196,103,attempt,running,succeeded,Dispatch succeeded.,,2026-07-11 22:46:27,2
197,104,attempt,queued,running,Dispatch attempt started.,,2026-07-11 22:46:27,2
198,104,attempt,running,succeeded,Dispatch succeeded.,,2026-07-11 22:46:27,2
199,105,attempt,queued,running,Dispatch attempt started.,,2026-07-11 22:46:27,2
200,105,attempt,running,succeeded,Dispatch succeeded.,,2026-07-11 22:46:27,2
201,106,attempt,queued,running,Dispatch attempt started.,,2026-07-11 22:46:27,2
202,106,attempt,running,succeeded,Dispatch succeeded.,,2026-07-11 22:46:27,2
203,107,attempt,queued,running,Dispatch attempt started.,,2026-07-11 22:46:27,2
204,107,attempt,running,succeeded,Dispatch succeeded.,,2026-07-11 22:46:27,2
205,108,attempt,queued,running,Dispatch attempt started.,,2026-07-11 22:46:27,2
206,108,attempt,running,succeeded,Dispatch succeeded.,,2026-07-11 22:46:27,2
207,109,attempt,queued,running,Dispatch attempt started.,,2026-07-11 22:46:27,2
208,109,attempt,running,succeeded,Dispatch succeeded.,,2026-07-11 22:46:27,2
209,110,attempt,queued,running,Dispatch attempt started.,,2026-07-11 22:46:27,2
210,110,attempt,running,succeeded,Dispatch succeeded.,,2026-07-11 22:46:27,2
211,111,attempt,queued,running,Dispatch attempt started.,,2026-07-11 22:46:27,2
212,111,attempt,running,succeeded,Dispatch succeeded.,,2026-07-11 22:46:27,2
213,112,attempt,queued,running,Dispatch attempt started.,,2026-07-11 22:46:27,2
214,112,attempt,running,succeeded,Dispatch succeeded.,,2026-07-11 22:46:27,2
